INSERT INTO department (id, name)
VALUES  (1, 'Engineering'),
        (2, 'Sales'), 
        (3, 'Marketing'),
        (4, 'Finance'),
        (5, 'Operations'),
        (6, 'Legal'),
        (7, 'Human Resources'),
        (8, 'Customer Support'),  
        (9, 'Research'),
        (10, 'Executive');

INSERT INTO role (id, title, salary, department_id)
VALUES  (1, 'Lead Engineer', 150000, 1),
        (2, 'Software Engineer', 120000, 1),
        (3, 'Sales Lead', 100000, 2),
        (4, 'Salesperson', 80000, 2),
        (5, 'Lead Marketer', 150000, 3),
        (6, 'Marketer', 100000, 3),
        (7, 'Accountant', 125000, 4),
        (8, 'Legal Team Lead', 250000, 6),
        (9, 'Lawyer', 190000, 6),
        (10, 'HR Manager', 160000, 7),
        (11, 'HR Assistant', 80000, 7),
        (12, 'Customer Support', 70000, 8),
        (13, 'Research Team Lead', 250000, 9),
        (14, 'Researcher', 150000, 9),
        (15, 'Executive Assistant', 100000, 10);

INSERT INTO employee (id, first_name, last_name, role_id, manager_id)
VALUES  (1, 'John', 'Doe', 1, null),
        (2, 'Mike', 'Chan', 2, 1),
        (3, 'Ashley', 'Rodriguez', 3, null),
        (4, 'Kevin', 'Tupik', 4, 3),
        (5, 'Kunal', 'Singh', 5, null),
        (6, 'Malia', 'Brown', 6, 5),
        (7, 'Sarah', 'Lourd', 7, 15),
        (8, 'Tom', 'Allen', 8, null),
        (9, 'Christian', 'Eckenrode', 9, 8),
        (10, 'Jennifer', 'Aniston', 10, null),
        (11, 'John', 'Doe', 11, 10),
        (12, 'Mike', 'Chan', 12, 15),
        (13, 'Ashley', 'Rodriguez', 13, null),
        (14, 'Kevin', 'Tupik', 14, 13),
        (15, 'Kunal', 'Singh', 15, null),
        (16, 'Malia', 'Brown', 2, 1),
        (17, 'Sarah', 'Lourd', 9, 8),
        (18, 'Tom', 'Allen', 14, 13),
        (19, 'Christian', 'Eckenrode', 2, 1),
        (20, 'Jennifer', 'Aniston', 12, 15);